Empid,Name,Email,Phone,JobTitle,Salary,Department
1,John Doe,john.doe@example.com,555-1234,Software Engineer,75000,Engineering
2,Jane Smith,jane.smith@example.com,555-5678,Project Manager,85000,Management
3,Michael Brown,michael.brown@example.com,555-8765,Data Analyst,70000,Data Science
4,Emily Davis,emily.davis@example.com,555-4321,UX Designer,68000,Design
5,David Wilson,david.wilson@example.com,555-6789,DevOps Engineer,78000,Engineering
6,Emma Johnson,emma.johnson@example.com,555-9876,HR Specialist,60000,Human Resources
7,James White,james.white@example.com,555-3456,Marketing Manager,82000,Marketing
8,Olivia Martinez,olivia.martinez@example.com,555-6543,Sales Executive,72000,Sales
9,William Anderson,william.anderson@example.com,555-7890,Product Manager,90000,Product
10,Ava Thomas,ava.thomas@example.com,555-0987,QA Engineer,65000,Quality Assurance
11,Lucas Scott,lucas.scott@example.com,555-1122,Network Administrator,74000,IT
12,Person 12,person12@example.com,10000012,Software Engineer,75000,Engineering
13,Person 13,person13@example.com,10000013,Project Manager,85000,Management
14,Person 14,person14@example.com,10000014,Data Analyst,70000,Data Science
15,Person 15,person15@example.com,10000015,UX Designer,68000,Design
16,Person 16,person16@example.com,10000016,QA Engineer,78000,Engineering
17,Person 17,person17@example.com,10000017,Network Administrator,60000,Human Resources
18,Person 18,person18@example.com,10000018,Software Engineer,82000,Marketing
19,Person 19,person19@example.com,10000019,Project Manager,72000,Sales
20,Person 20,person20@example.com,10000020,Data Analyst,90000,Product
21,Person 21,person21@example.com,10000021,UX Designer,65000,Quality Assurance
22,Person 22,person22@example.com,10000022,DevOps Engineer,74000,IT
23,Person 23,person23@example.com,10000023,HR Specialist,75000,Product
24,Person 24,person24@example.com,10000024,Marketing Manager,85000,Quality Assurance
25,Person 25,person25@example.com,10000025,Sales Executive,70000,IT
26,Person 26,person26@example.com,10000026,Product Manager,68000,Engineering
27,Person 27,person27@example.com,10000027,QA Engineer,78000,Management
28,Person 28,person28@example.com,10000028,DevOps Engineer,60000,Data Science
29,Person 29,person29@example.com,10000029,HR Specialist,82000,Design
30,Person 30,person30@example.com,10000030,Marketing Manager,72000,Engineering
31,Person 31,person31@example.com,10000031,Sales Executive,90000,Human Resources
32,Person 32,person32@example.com,10000032,Product Manager,65000,Marketing
33,Person 33,person33@example.com,10000033,QA Engineer,74000,Sales
34,Person 34,person34@example.com,10000034,Network Administrator,75000,Product
35,Person 35,person35@example.com,10000035,Software Engineer,85000,Product
36,Person 36,person36@example.com,10000036,Project Manager,70000,Quality Assurance
37,Person 37,person37@example.com,10000037,Data Analyst,68000,IT
38,Person 38,person38@example.com,10000038,UX Designer,78000,Engineering
39,Person 39,person39@example.com,10000039,QA Engineer,60000,Management
40,Person 40,person40@example.com,10000040,Network Administrator,82000,Data Science
41,Person 41,person41@example.com,10000041,Software Engineer,72000,Design
42,Person 42,person42@example.com,10000042,Project Manager,90000,Engineering
43,Person 43,person43@example.com,10000043,Software Engineer,65000,Human Resources
44,Person 44,person44@example.com,10000044,Project Manager,74000,Marketing
45,Person 45,person45@example.com,10000045,Data Analyst,75000,Sales
46,Person 46,person46@example.com,10000046,UX Designer,85000,Product
47,Person 47,person47@example.com,10000047,DevOps Engineer,70000,Quality Assurance
48,Person 48,person48@example.com,10000048,HR Specialist,68000,IT
49,Person 49,person49@example.com,10000049,Marketing Manager,78000,Human Resources
50,Person 50,person50@example.com,10000050,Sales Executive,60000,Marketing
51,Person 51,person51@example.com,10000051,Product Manager,82000,Sales
52,Person 52,person52@example.com,10000052,QA Engineer,72000,Engineering
53,Person 53,person53@example.com,10000053,Network Administrator,90000,Management
54,Person 54,person54@example.com,10000054,DevOps Engineer,65000,Data Science
55,Person 55,person55@example.com,10000055,HR Specialist,74000,Design
56,Person 56,person56@example.com,10000056,Marketing Manager,75000,Engineering
57,Person 57,person57@example.com,10000057,Sales Executive,85000,Human Resources
58,Person 58,person58@example.com,10000058,Product Manager,70000,Marketing
59,Person 59,person59@example.com,10000059,QA Engineer,68000,Sales
60,Person 60,person60@example.com,10000060,Network Administrator,78000,Product
61,Person 61,person61@example.com,10000061,Software Engineer,60000,Quality Assurance
62,Person 62,person62@example.com,10000062,Project Manager,82000,IT
63,Person 63,person63@example.com,10000063,Data Analyst,72000,Design
64,Person 64,person64@example.com,10000064,UX Designer,90000,Engineering
65,Person 65,person65@example.com,10000065,QA Engineer,65000,Human Resources
66,Person 66,person66@example.com,10000066,Network Administrator,74000,Engineering
67,Person 67,person67@example.com,10000067,Software Engineer,75000,Management
68,Person 68,person68@example.com,10000068,Project Manager,85000,Data Science
69,Person 69,person69@example.com,10000069,QA Engineer,70000,Design
70,Person 70,person70@example.com,10000070,Network Administrator,68000,Engineering
71,Person 71,person71@example.com,10000071,Software Engineer,78000,Human Resources
72,Person 72,person72@example.com,10000072,Project Manager,60000,Marketing
73,Person 73,person73@example.com,10000073,Marketing Manager,82000,Sales
74,Person 74,person74@example.com,10000074,Sales Executive,72000,Product
75,Person 75,person75@example.com,10000075,Product Manager,90000,Quality Assurance
76,Person 76,person76@example.com,10000076,QA Engineer,65000,IT
77,Person 77,person77@example.com,10000077,Network Administrator,74000,Data Science
78,Person 78,person78@example.com,10000078,Software Engineer,75000,Design
79,Person 79,person79@example.com,10000079,Project Manager,85000,Engineering
80,Person 80,person80@example.com,10000080,Data Analyst,70000,Human Resources
81,Person 81,person81@example.com,10000081,UX Designer,68000,Marketing
82,Person 82,person82@example.com,10000082,QA Engineer,78000,Engineering
83,Person 83,person83@example.com,10000083,Network Administrator,60000,Management
84,Person 84,person84@example.com,10000084,Software Engineer,82000,Data Science
85,Person 85,person85@example.com,10000085,Project Manager,72000,Design
86,Person 86,person86@example.com,10000086,Software Engineer,90000,Engineering
87,Person 87,person87@example.com,10000087,Project Manager,65000,Human Resources
88,Person 88,person88@example.com,10000088,Data Analyst,74000,Marketing
89,Person 89,person89@example.com,10000089,UX Designer,75000,Sales
90,Person 90,person90@example.com,10000090,Software Engineer,85000,Product
91,Person 91,person91@example.com,10000091,Project Manager,70000,Quality Assurance
92,Person 92,person92@example.com,10000092,Data Analyst,68000,Engineering
93,Person 93,person93@example.com,10000093,DevOps Engineer,78000,Management
94,Person 94,person94@example.com,10000094,HR Specialist,60000,Data Science
95,Person 95,person95@example.com,10000095,Marketing Manager,82000,Design
96,Person 96,person96@example.com,10000096,Sales Executive,72000,Engineering
97,Person 97,person97@example.com,10000097,Product Manager,90000,Human Resources
98,Person 98,person98@example.com,10000098,QA Engineer,65000,Marketing
99,Person 99,person99@example.com,10000099,Network Administrator,74000,Sales
100,Person 100,person100@example.com,10000100,Software Engineer,65000,Product
